video;max(SI);max(TI);mean(SI);mean(TI)
MarketPlace_1920x1080_60fps_10bit_420.yuv;16.250562;103.488964;14.979029;95.608443
RitualDance_1920x1080_60fps_10bit_420.yuv;12.503648;103.844317;11.235486;95.414904
Campfire_3840x2160_30fps_10bit_420.yuv;18.186845;101.466288;12.504058;88.461369
